{
  "F": [
    [
      1.631319348162507e-06,
      1.0030954917063517e-05,
      -0.02194769350141051
    ],
    [
      -5.974943578847862e-06,
      1.4823547350436273e-06,
      -0.07493777768351695
    ],
    [
      0.02428629608700987,
      0.06868421077687085,
      1.0
    ]
  ],
  "tolerence": 0.65,
  "iteration_limit": 100000,
  "inlier_percent": 0.5313588850174216
}