{
  "F": [
    [
      2.8933083815875164e-07,
      -7.930315355031215e-07,
      0.0006025546070771786
    ],
    [
      2.0083602037044987e-07,
      -1.8297135111601774e-08,
      -0.004316416488177243
    ],
    [
      -0.0019077435565538724,
      0.004669996273935662,
      1.0
    ]
  ],
  "tolerence": 0.6,
  "iteration_limit": 100000,
  "inlier_percent": 0.5266990291262136
}