{
  "F": [
    [
      -8.944091920031863e-07,
      5.3567160491779624e-06,
      -0.0017570229868309264
    ],
    [
      -6.2811121946586866e-06,
      -1.1086498876519872e-06,
      -0.007328512711543015
    ],
    [
      0.0019697816443055376,
      0.01038220845239808,
      1.0
    ]
  ],
  "tolerence": 0.35,
  "iteration_limit": 100000,
  "inlier_percent": 0.5230125523012552
}