{
  "F": [
    [
      -2.770179477238727e-06,
      8.466699403222191e-07,
      -0.006343053670727511
    ],
    [
      -5.36242192813022e-06,
      2.9797746318966553e-06,
      -0.01364409226166851
    ],
    [
      0.007768618315428018,
      0.014111453577384376,
      1.0
    ]
  ],
  "tolerence": 0.55,
  "iteration_limit": 100000,
  "inlier_percent": 0.5730337078651685
}