{
    "cosines_before": [
        0.9994987324579885,
        0.9724541810026538
    ],
    "cosines_after": [
        0.9999999999999999,
        1.0
    ],
    "affined_rectified_H": [
        [
            1.0,
            0.0,
            0.0
        ],
        [
            0.0,
            1.0,
            0.0
        ],
        [
            0.0002803378009117456,
            0.004907221315135932,
            0.9999879202218803
        ]
    ],
    "parallel_annotations": [
        [
            59,
            72
        ],
        [
            405,
            201
        ],
        [
            98,
            62
        ],
        [
            445,
            179
        ],
        [
            326,
            516
        ],
        [
            301,
            128
        ],
        [
            504,
            510
        ],
        [
            386,
            128
        ]
    ]
}