{
    "cosines_before": [
        0.96387479745417,
        0.9999335763910987
    ],
    "cosines_after": [
        1.0,
        1.0
    ],
    "affined_rectified_H": [
        [
            1.0,
            0.0,
            0.0
        ],
        [
            0.0,
            1.0,
            0.0
        ],
        [
            -0.0013702048997825654,
            0.010876319532592653,
            0.9999399123007129
        ]
    ],
    "parallel_annotations": [
        [
            254,
            248
        ],
        [
            255,
            321
        ],
        [
            339,
            246
        ],
        [
            362,
            325
        ],
        [
            64,
            282
        ],
        [
            159,
            284
        ],
        [
            43,
            322
        ],
        [
            148,
            323
        ]
    ]
}