{
    "cosines_before": [
        0.9987843078492894,
        0.9999316788168887
    ],
    "cosines_after": [
        0.999913771063165,
        0.9999629081871385
    ],
    "affined_rectified_H": [
        [
            1.0,
            0.0,
            0.0
        ],
        [
            0.0,
            1.0,
            0.0
        ],
        [
            -0.00019671040980280902,
            0.004057863321253883,
            0.9999917474910883
        ]
    ],
    "parallel_annotations": [
        [
            53,
            104
        ],
        [
            233,
            228
        ],
        [
            208,
            35
        ],
        [
            375,
            108
        ],
        [
            53,
            102
        ],
        [
            209,
            33
        ],
        [
            232,
            229
        ],
        [
            377,
            108
        ]
    ]
}