{
    "cosines_before": [
        0.9868459604725109,
        -0.9999718190188827
    ],
    "cosines_after": [
        0.9999444186745177,
        -0.9998185075409329
    ],
    "affined_rectified_H": [
        [
            0.8847691042270953,
            -1.3886355403017119,
            -448.9978378713832
        ],
        [
            -0.02720373040518463,
            0.6721706742272128,
            -105.9994895642909
        ],
        [
            -0.0002566389660866475,
            -0.003092729488422521,
            -0.9999951845687821
        ]
    ],
    "parallel_annotations": [
        [
            67,
            14
        ],
        [
            14,
            100
        ],
        [
            450,
            19
        ],
        [
            492,
            115
        ],
        [
            16,
            100
        ],
        [
            492,
            113
        ],
        [
            66,
            15
        ],
        [
            453,
            17
        ]
    ]
}