{
    "cosines_before": [
        0.9994448086272759,
        0.9709646117278028
    ],
    "cosines_after": [
        1.0,
        1.0
    ],
    "affined_rectified_H": [
        [
            1.0,
            0.0,
            0.0
        ],
        [
            0.0,
            1.0,
            0.0
        ],
        [
            0.0005778598179101232,
            -0.0010465222614952344,
            1.0
        ]
    ],
    "parallel_annotations": [
        [
            116,
            214
        ],
        [
            334,
            212
        ],
        [
            123,
            262
        ],
        [
            330,
            267
        ],
        [
            119,
            213
        ],
        [
            136,
            332
        ],
        [
            332,
            214
        ],
        [
            320,
            334
        ]
    ]
}