{
    "cosines_before": [
        0.9505874979538314,
        0.9999999496821123
    ],
    "cosines_after": [
        0.9999971755625287,
        0.9999923992844929
    ],
    "affined_rectified_H": [
        [
            1.0879744540291107,
            3.918856047388989,
            -416.98157612510323
        ],
        [
            0.0,
            1.0,
            0.0
        ],
        [
            0.00021096991373887483,
            0.009397736324673835,
            -0.9999558180458111
        ]
    ],
    "parallel_annotations": [
        [
            98,
            299
        ],
        [
            321,
            422
        ],
        [
            326,
            341
        ],
        [
            123,
            259
        ],
        [
            53,
            362
        ],
        [
            327,
            262
        ],
        [
            117,
            416
        ],
        [
            297,
            330
        ]
    ]
}