{
    "cosines_before": [
        0.9985961400639213,
        0.9999998478384347
    ],
    "cosines_after": [
        0.9996622763056956,
        0.9991755193327521
    ],
    "affined_rectified_H": [
        [
            1.0,
            0.0,
            0.0
        ],
        [
            0.0,
            1.0,
            0.0
        ],
        [
            -0.00014888654076843834,
            -0.0005307555607211131,
            0.9999998480656548
        ]
    ],
    "parallel_annotations": [
        [
            95,
            162
        ],
        [
            127,
            358
        ],
        [
            339,
            211
        ],
        [
            341,
            363
        ],
        [
            312,
            182
        ],
        [
            367,
            131
        ],
        [
            338,
            208
        ],
        [
            392,
            159
        ]
    ]
}