{
    "cosines_before": [
        0.9999755498233438,
        0.9954000994290233
    ],
    "cosines_after": [
        0.9999791467082446,
        0.999993666382902
    ],
    "affined_rectified_H": [
        [
            1.0,
            0.0,
            0.0
        ],
        [
            0.0,
            1.0,
            0.0
        ],
        [
            0.00010896309681522465,
            0.002106499507226213,
            0.9999977753909604
        ]
    ],
    "parallel_annotations": [
        [
            48,
            367
        ],
        [
            113,
            429
        ],
        [
            133,
            314
        ],
        [
            201,
            369
        ],
        [
            344,
            266
        ],
        [
            403,
            224
        ],
        [
            420,
            314
        ],
        [
            477,
            268
        ]
    ]
}