{
    "cosines_before": [
        0.9963841081708359,
        0.9987467336518249
    ],
    "cosines_after": [
        0.9998093858424395,
        0.9999999536419621
    ],
    "affined_rectified_H": [
        [
            1.0,
            0.0,
            0.0
        ],
        [
            0.0,
            1.0,
            0.0
        ],
        [
            -3.7499635340421164e-05,
            0.0010886735499604288,
            0.9999994066916635
        ]
    ],
    "parallel_annotations": [
        [
            87,
            126
        ],
        [
            257,
            135
        ],
        [
            47,
            271
        ],
        [
            245,
            282
        ],
        [
            85,
            125
        ],
        [
            46,
            273
        ],
        [
            257,
            134
        ],
        [
            243,
            280
        ]
    ]
}