{
    "cosines_before": [
        0.9985769211194621,
        0.9997340457071078
    ],
    "cosines_after": [
        0.9999633179935673,
        0.9995615816875836
    ],
    "affined_rectified_H": [
        [
            1.0,
            0.0,
            0.0
        ],
        [
            0.0,
            1.0,
            0.0
        ],
        [
            0.0002259718094995514,
            -0.0007612770523395319,
            0.9999996846969457
        ]
    ],
    "parallel_annotations": [
        [
            101,
            136
        ],
        [
            109,
            226
        ],
        [
            198,
            131
        ],
        [
            199,
            225
        ],
        [
            89,
            25
        ],
        [
            199,
            16
        ],
        [
            99,
            135
        ],
        [
            199,
            130
        ]
    ]
}