{
   "cosines_before": [
      -0.41814033781530624,
      0.591791625297493
   ],
   "cosines_after": [
      1.890046684241889e-15,
      0.0
   ],
   "affine_rectified_H": [
      [
         1.0,
         0.0,
         0.0
      ],
      [
         0.0,
         1.0,
         0.0
      ],
      [
         0.0002803378009117487,
         0.0049072213151359345,
         0.9999879202218804
      ]
   ],
   "similarity_rectified_H": [
      [
         -0.22899347663293823,
         0.02617198245511911,
         150.0
      ],
      [
         0.12964311455553376,
         1.1343209317254928,
         0.0
      ],
      [
         0.0,
         0.0,
         1.0
      ]
   ],
   "annotations_on_input_image": [
      [
         115,
         166
      ],
      [
         99,
         205
      ],
      [
         62,
         187
      ],
      [
         157,
         183
      ],
      [
         256,
         181
      ],
      [
         741,
         383
      ],
      [
         164,
         406
      ],
      [
         643,
         117
      ]
   ]
}