{
   "cosines_before": [
      0.2901325035580787,
      0.1060794984919668
   ],
   "cosines_after": [
      0.034782536167923934,
      -0.008622608732524515
   ],
   "affine_rectified_H": [
      [
         1.0,
         0.0,
         0.0
      ],
      [
         0.0,
         1.0,
         0.0
      ],
      [
         -0.00019671040980280902,
         0.004057863321253883,
         0.9999917474910883
      ]
   ],
   "similarity_rectified_H": [
      [
         -0.36657636243752195,
         0.03230189228145146,
         170.0
      ],
      [
         0.09003772125253617,
         1.0217884466747156,
         0.0
      ],
      [
         0.0,
         0.0,
         1.0
      ]
   ],
   "annotations_on_input_image": [
      [
         53,
         103
      ],
      [
         373,
         108
      ],
      [
         232,
         222
      ],
      [
         209,
         35
      ],
      [
         21,
         105
      ],
      [
         209,
         26
      ],
      [
         209,
         26
      ],
      [
         405,
         113
      ]
   ]
}