{
   "cosines_before": [
      0.39418451985218517,
      -0.08068522851175662
   ],
   "cosines_after": [
      0.030841910856905668,
      0.0021732315520398404
   ],
   "affine_rectified_H": [
      [
         0.8847691042270953,
         -1.3886355403017119,
         -448.9978378713832
      ],
      [
         -0.02720373040518463,
         0.6721706742272128,
         -105.9994895642909
      ],
      [
         -0.0002566389660866475,
         -0.003092729488422521,
         -0.9999951845687821
      ]
   ],
   "similarity_rectified_H": [
      [
         -0.19258237243213588,
         0.006262783264081285,
         86.0
      ],
      [
         0.032957952629947405,
         1.0134664477986388,
         0.0
      ],
      [
         0.0,
         0.0,
         1.0
      ]
   ],
   "annotations_on_input_image": [
      [
         67,
         14
      ],
      [
         14,
         100
      ],
      [
         14,
         100
      ],
      [
         492,
         112
      ],
      [
         66,
         11
      ],
      [
         491,
         114
      ],
      [
         15,
         101
      ],
      [
         450,
         20
      ]
   ]
}