{
   "cosines_before": [
      0.891603716603213,
      0.4432187508972062
   ],
   "cosines_after": [
      0.7613479333172426,
      0.19356035041420977
   ],
   "affine_rectified_H": [
      [
         1.0,
         0.0,
         0.0
      ],
      [
         0.0,
         1.0,
         0.0
      ],
      [
         0.0005778598179101232,
         -0.0010465222614952344,
         1.0
      ]
   ],
   "similarity_rectified_H": [
      [
         -0.36550951814595367,
         0.43592259409895096,
         211.0
      ],
      [
         -0.5455650334859895,
         -0.457441791744983,
         630.0
      ],
      [
         0.0,
         0.0,
         1.0
      ]
   ],
   "annotations_on_input_image": [
      [
         116,
         212
      ],
      [
         330,
         265
      ],
      [
         124,
         261
      ],
      [
         336,
         212
      ],
      [
         140,
         66
      ],
      [
         347,
         201
      ],
      [
         106,
         198
      ],
      [
         326,
         68
      ]
   ]
}