{
   "cosines_before": [
      0.3419356452964482,
      0.035155816087421694
   ],
   "cosines_after": [
      0.007617679800527013,
      -0.03428216160700131
   ],
   "affine_rectified_H": [
      [
         1.0,
         0.0,
         0.0
      ],
      [
         0.0,
         1.0,
         0.0
      ],
      [
         -3.7499635340421164e-05,
         0.0010886735499604288,
         0.9999994066916635
      ]
   ],
   "similarity_rectified_H": [
      [
         -0.6053752732115113,
         0.12046247200386412,
         212.0
      ],
      [
         0.20175960020658168,
         1.0139279982083278,
         0.0
      ],
      [
         0.0,
         0.0,
         1.0
      ]
   ],
   "annotations_on_input_image": [
      [
         87,
         127
      ],
      [
         244,
         283
      ],
      [
         45,
         270
      ],
      [
         258,
         134
      ],
      [
         115,
         17
      ],
      [
         87,
         128
      ],
      [
         87,
         128
      ],
      [
         257,
         132
      ]
   ]
}