{
   "cosines_before": [
      -0.1173803922767071,
      0.5062992294378799
   ],
   "cosines_after": [
      -0.0003016070126137734,
      -0.026702480638391184
   ],
   "affine_rectified_H": [
      [
         1.0,
         0.0,
         0.0
      ],
      [
         0.0,
         1.0,
         0.0
      ],
      [
         0.00010896309681522465,
         0.002106499507226213,
         0.9999977753909604
      ]
   ],
   "similarity_rectified_H": [
      [
         -0.42641278208667366,
         0.04963910853036526,
         194.0
      ],
      [
         0.11926214226645451,
         1.0244926507966305,
         0.0
      ],
      [
         0.0,
         0.0,
         1.0
      ]
   ],
   "annotations_on_input_image": [
      [
         209,
         263
      ],
      [
         275,
         309
      ],
      [
         275,
         309
      ],
      [
         337,
         265
      ],
      [
         221,
         115
      ],
      [
         319,
         116
      ],
      [
         268,
         90
      ],
      [
         270,
         145
      ]
   ]
}