{
   "cosines_before": [
      0.03637865096672683,
      -0.13426952526444766
   ],
   "cosines_after": [
      -0.012452783199305862,
      0.018369229960319967
   ],
   "affine_rectified_H": [
      [
         1.0,
         0.0,
         0.0
      ],
      [
         0.0,
         1.0,
         0.0
      ],
      [
         -0.00014888654076843834,
         -0.0005307555607211131,
         0.9999998480656548
      ]
   ],
   "similarity_rectified_H": [
      [
         -0.6738765860473562,
         -0.5471876067312701,
         1068.0
      ],
      [
         -0.711767705759908,
         0.8765615041639719,
         701.0
      ],
      [
         0.0,
         0.0,
         1.0
      ]
   ],
   "annotations_on_input_image": [
      [
         339,
         210
      ],
      [
         340,
         361
      ],
      [
         128,
         359
      ],
      [
         548,
         359
      ],
      [
         310,
         130
      ],
      [
         368,
         183
      ],
      [
         313,
         185
      ],
      [
         368,
         132
      ]
   ]
}