{
   "cosines_before": [
      -0.1883483823189675,
      0.1624113783366254
   ],
   "cosines_after": [
      -0.018339479791527235,
      0.04747793625469566
   ],
   "affine_rectified_H": [
      [
         1.0,
         0.0,
         0.0
      ],
      [
         0.0,
         1.0,
         0.0
      ],
      [
         0.0002259718094995514,
         -0.0007612770523395319,
         0.9999996846969457
      ]
   ],
   "similarity_rectified_H": [
      [
         0.3082338750519888,
         0.9349207832068757,
         0.0
      ],
      [
         1.129887911303233,
         -0.37251255457258303,
         214.0
      ],
      [
         0.0,
         0.0,
         1.0
      ]
   ],
   "annotations_on_input_image": [
      [
         101,
         136
      ],
      [
         108,
         229
      ],
      [
         108,
         226
      ],
      [
         199,
         226
      ],
      [
         89,
         26
      ],
      [
         200,
         130
      ],
      [
         102,
         135
      ],
      [
         200,
         16
      ]
   ]
}