{
  "F": [
    [
      6.353289343902268e-07,
      5.54711661924437e-06,
      -0.0071760086237946325
    ],
    [
      -4.895809030338464e-06,
      7.363924598031515e-07,
      -0.01048900937492803
    ],
    [
      0.0070578517006977615,
      0.008271792475985487,
      1.0
    ]
  ],
  "tolerence": 0.58,
  "iteration_limit": 100000,
  "inlier_percent": 0.49825783972125437
}