{
  "F": [
    [
      6.016670895819831e-07,
      -1.8468793546630253e-06,
      0.0010655133998578904
    ],
    [
      1.7092879799254818e-06,
      8.89170000101677e-07,
      -0.0024471395203362017
    ],
    [
      -0.002028107709206758,
      0.0010787085891560183,
      1.0
    ]
  ],
  "tolerence": 0.57,
  "iteration_limit": 100000,
  "inlier_percent": 0.5
}