{
  "F": [
    [
      -1.1147320303268281e-06,
      6.052151731632674e-06,
      -0.0026531064471763065
    ],
    [
      -6.973896225189428e-06,
      -1.245536055663986e-06,
      -0.008061951200522671
    ],
    [
      0.002945826717604299,
      0.01154657736504497,
      1.0
    ]
  ],
  "tolerence": 0.47,
  "iteration_limit": 100000,
  "inlier_percent": 0.7656903765690377
}