{
  "F": [
    [
      -7.728771512101422e-07,
      -3.179695417379685e-06,
      0.00011175473558446586
    ],
    [
      3.206124292107432e-06,
      2.733337026159757e-06,
      -0.003645239831098897
    ],
    [
      -0.000502800707170838,
      0.000979134264642852,
      1.0
    ]
  ],
  "tolerence": 0.4,
  "iteration_limit": 100000,
  "inlier_percent": 0.4438202247191011
}