{
   "P2": [
      [
         0.4770769153348758,
         0.112458213972277,
         0.8716368320377043,
         -0.10206588051023631
      ],
      [
         0.1414952088024136,
         0.969013042153482,
         -0.20246686154137794,
         -0.28980674951758034
      ],
      [
         0.867396519903395,
         -0.2199247013107433,
         -0.4463814546022934,
         0.9516273451145276
      ]
   ],
   "R": [
      [
         -0.47707691533487573,
         0.11245821397227677,
         0.8716368320377041
      ],
      [
         -0.14149520880241362,
         0.969013042153482,
         -0.20246686154137766
      ],
      [
         -0.8673965199033951,
         -0.21992470131074326,
         -0.4463814546022936
      ]
   ]
}