{
   "first_image_points": [
      [
         0,
         0
      ],
      [
         196,
         0
      ],
      [
         0,
         82
      ],
      [
         196,
         82
      ]
   ],
   "second_image_points": [
      [
         440,
         300
      ],
      [
         927,
         255
      ],
      [
         424,
         515
      ],
      [
         960,
         473
      ]
   ],
   "H": [
      [
         2.338046689149463,
         -0.6579486648428086,
         440.0
      ],
      [
         -0.269931678204378,
         2.059791414049936,
         300.0000000000001
      ],
      [
         -0.00015819545674385926,
         -0.0010915724377907928,
         1.0
      ]
   ]
}