{
   "first_image_points": [
      [
         0,
         0
      ],
      [
         196,
         0
      ],
      [
         0,
         82
      ],
      [
         196,
         82
      ]
   ],
   "second_image_points": [
      [
         442,
         303
      ],
      [
         927,
         252
      ],
      [
         426,
         513
      ],
      [
         961,
         475
      ]
   ],
   "H": [
      [
         2.1272130335255564,
         -0.6564051162539548,
         442.00000000000017
      ],
      [
         -0.35460941509866034,
         2.005486727918848,
         303.0
      ],
      [
         -0.0003746243391508217,
         -0.0010828243310667628,
         1.0
      ]
   ]
}