{
   "first_image_points": [
      [
         0,
         0
      ],
      [
         219,
         0
      ],
      [
         0,
         315
      ],
      [
         219,
         315
      ]
   ],
   "second_image_points": [
      [
         531,
         230
      ],
      [
         874,
         271
      ],
      [
         395,
         731
      ],
      [
         817,
         789
      ]
   ],
   "H": [
      [
         1.5195933916115567,
         -0.6684720825566769,
         531.0
      ],
      [
         0.17276024888850924,
         1.1523831698620584,
         230.00000000000009
      ],
      [
         -5.3337132780943244e-05,
         -0.0005993064577484699,
         1.0
      ]
   ]
}