{
   "first_image_points": [
      [
         0,
         0
      ],
      [
         219,
         0
      ],
      [
         0,
         315
      ],
      [
         219,
         315
      ]
   ],
   "second_image_points": [
      [
         529,
         230
      ],
      [
         874,
         268
      ],
      [
         396,
         730
      ],
      [
         816,
         786
      ]
   ],
   "H": [
      [
         1.5146140724502262,
         -0.6493537443720409,
         529.0
      ],
      [
         0.15489446067651425,
         1.1685995388940935,
         229.9999999999998
      ],
      [
         -6.948328753226339e-05,
         -0.0005735644498732795,
         1.0
      ]
   ]
}