{
   "first_image_points": [
      [
         0,
         0
      ],
      [
         309,
         0
      ],
      [
         0,
         161
      ],
      [
         309,
         161
      ]
   ],
   "second_image_points": [
      [
         193,
         224
      ],
      [
         479,
         212
      ],
      [
         196,
         389
      ],
      [
         475,
         418
      ]
   ],
   "H": [
      [
         0.6121962472134512,
         0.045649100139236995,
         193.0
      ],
      [
         -0.17752902309653484,
         1.0784623365642116,
         224.0
      ],
      [
         -0.0006542173190576621,
         0.00013783448860492953,
         1.0
      ]
   ]
}