{
   "first_image_points": [
      [
         0,
         0
      ],
      [
         245,
         0
      ],
      [
         0,
         104
      ],
      [
         245,
         104
      ]
   ],
   "second_image_points": [
      [
         193,
         223
      ],
      [
         479,
         213
      ],
      [
         193,
         389
      ],
      [
         474,
         418
      ]
   ],
   "H": [
      [
         0.7914256736460815,
         0.026671661671660084,
         192.99999999999994
      ],
      [
         -0.20797964484495104,
         1.6499117549117528,
         222.99999999999994
      ],
      [
         -0.0007848043113349238,
         0.0001381951381951326,
         1.0
      ]
   ]
}