{
   "first_image_points": [
      [
         0,
         0
      ],
      [
         399,
         0
      ],
      [
         0,
         523
      ],
      [
         399,
         523
      ]
   ],
   "second_image_points": [
      [
         99,
         182
      ],
      [
         404,
         165
      ],
      [
         112,
         494
      ],
      [
         411,
         506
      ]
   ],
   "H": [
      [
         0.6775147193136216,
         0.02958416872925183,
         98.99999999999991
      ],
      [
         -0.07809634515737177,
         0.6174102875107038,
         181.99999999999997
      ],
      [
         -0.00021508987191906124,
         4.221046581191491e-05,
         1.0
      ]
   ]
}