{
   "first_image_points": [
      [
         0,
         0
      ],
      [
         182,
         0
      ],
      [
         0,
         275
      ],
      [
         182,
         275
      ]
   ],
   "second_image_points": [
      [
         100,
         181
      ],
      [
         406,
         164
      ],
      [
         112,
         498
      ],
      [
         411,
         506
      ]
   ],
   "H": [
      [
         1.5169648192109995,
         0.05367295210414824,
         99.99999999999999
      ],
      [
         -0.1597958381988588,
         1.197354246450101,
         181.0
      ],
      [
         -0.00040481246824552157,
         8.96123970337908e-05,
         1.0
      ]
   ]
}