{
   "cosines_before": [],
   "cosines_after": [],
   "similarity_rectified_H": [
      [
         0.0013547750593803217,
         0.0008558557053473373,
         1.4991494820564695e-06
      ],
      [
         -0.0033253021290342685,
         0.0017605008200871643,
         2.0000018370861223
      ],
      [
         -0.0005544834641590423,
         -0.00087391964475069,
         1.0
      ]
   ],
   "annotations_on_input_image": [
      [
         69,
         231
      ],
      [
         38,
         332
      ],
      [
         38,
         332
      ],
      [
         88,
         332
      ],
      [
         365,
         226
      ],
      [
         426,
         267
      ],
      [
         376,
         271
      ],
      [
         413,
         222
      ],
      [
         255,
         87
      ],
      [
         257,
         163
      ],
      [
         258,
         168
      ],
      [
         313,
         168
      ],
      [
         220,
         106
      ],
      [
         181,
         133
      ],
      [
         184,
         102
      ],
      [
         219,
         132
      ],
      [
         375,
         88
      ],
      [
         332,
         88
      ],
      [
         332,
         88
      ],
      [
         349,
         168
      ]
   ]
}