{
   "cosines_before": [
      0.03663516030948577,
      -0.22969833129490175
   ],
   "cosines_after": [
      -0.014538280144226465,
      -0.1369657527975651
   ],
   "similarity_rectified_H": [
      [
         -0.7385711420137194,
         0.010934601126217212,
         255.0
      ],
      [
         0.014804804012987581,
         0.9999816985500095,
         0.0
      ],
      [
         0.0,
         0.0,
         1.0
      ]
   ],
   "annotations_on_input_image": [
      [
         116,
         18
      ],
      [
         266,
         24
      ],
      [
         266,
         24
      ],
      [
         258,
         132
      ],
      [
         115,
         19
      ],
      [
         257,
         134
      ],
      [
         87,
         127
      ],
      [
         268,
         23
      ],
      [
         114,
         17
      ],
      [
         46,
         273
      ],
      [
         19,
         122
      ],
      [
         256,
         133
      ],
      [
         86,
         127
      ],
      [
         245,
         281
      ],
      [
         45,
         274
      ],
      [
         258,
         134
      ],
      [
         258,
         137
      ],
      [
         244,
         281
      ],
      [
         47,
         270
      ],
      [
         244,
         278
      ]
   ]
}