{
   "cosines_before": [],
   "cosines_after": [],
   "similarity_rectified_H": [
      [
         -0.0006759351709245101,
         0.003516969242934418,
         -1.9995081993043555
      ],
      [
         0.0030460841684545746,
         0.0008339670434983957,
         -1.9946926843962596
      ],
      [
         1.558870656197156e-05,
         5.965144771182155e-06,
         -0.9999859572502621
      ]
   ],
   "annotations_on_input_image": [
      [
         91,
         160
      ],
      [
         286,
         159
      ],
      [
         94,
         159
      ],
      [
         128,
         361
      ],
      [
         128,
         361
      ],
      [
         339,
         361
      ],
      [
         339,
         361
      ],
      [
         339,
         210
      ],
      [
         339,
         210
      ],
      [
         287,
         159
      ],
      [
         287,
         159
      ],
      [
         340,
         105
      ],
      [
         311,
         133
      ],
      [
         366,
         183
      ],
      [
         313,
         182
      ],
      [
         366,
         130
      ],
      [
         93,
         161
      ],
      [
         339,
         360
      ],
      [
         127,
         362
      ],
      [
         312,
         181
      ]
   ]
}